column,unique_count,mode,mode_frequency,mode_percentage
CarName,147,peugeot 504,6,0.02926829268292683
fueltype,2,gas,185,0.9024390243902439
aspiration,2,std,168,0.8195121951219512
doornumber,2,four,115,0.5609756097560976
carbody,5,sedan,96,0.4682926829268293
drivewheel,3,fwd,120,0.5853658536585366
enginelocation,2,front,202,0.9853658536585366
enginetype,7,ohc,148,0.7219512195121951
cylindernumber,7,four,159,0.775609756097561
fuelsystem,8,mpfi,94,0.4585365853658537
