{
  "random_forest": {
    "model_name": "random_forest",
    "metrics": {
      "mae": 1383.5075253494238,
      "mse": 3715369.5128712305,
      "rmse": 1927.529380546826,
      "r2": 0.9529366572481158
    }
  },
  "gradient_boosting": {
    "model_name": "gradient_boosting",
    "metrics": {
      "mae": 1529.0379153729084,
      "mse": 4734223.716679712,
      "rmse": 2175.827133914758,
      "r2": 0.9400306234224304
    }
  },
  "linear_regression": {
    "model_name": "linear_regression",
    "metrics": {
      "mae": 3465.558564731297,
      "mse": 28155447.123311456,
      "rmse": 5306.170664736619,
      "r2": 0.6433492136632913
    }
  },
  "ridge": {
    "model_name": "ridge",
    "metrics": {
      "mae": 2108.1854162223535,
      "mse": 9764723.46450953,
      "rmse": 3124.8557509922807,
      "r2": 0.8763082579820087
    }
  },
  "lasso": {
    "model_name": "lasso",
    "metrics": {
      "mae": 3017.042150784938,
      "mse": 24594022.498277366,
      "rmse": 4959.236080111267,
      "r2": 0.6884625051494588
    }
  },
  "elastic_net": {
    "model_name": "elastic_net",
    "metrics": {
      "mae": 2237.7436986775197,
      "mse": 10950557.455287155,
      "rmse": 3309.1626516820165,
      "r2": 0.8612870571669995
    }
  },
  "svr": {
    "model_name": "svr",
    "metrics": {
      "mae": 4545.4193016326635,
      "mse": 69990242.52311873,
      "rmse": 8366.017124242499,
      "r2": 0.11341933507780266
    }
  }
}